{"cameraMode":{"drawMode":0,"name":"Shaded","section":"Shading Mode"},"sceneLighting":true,"audioPlay":false,"sceneViewState":{"m_AlwaysRefresh":false,"showFog":true,"showSkybox":true,"showFlares":true,"showImageEffects":true,"showParticleSystems":true,"showVisualEffectGraphs":true,"m_FxEnabled":true},"in2DMode":false,"pivot":{"x":2.390706777572632,"y":5.834982872009277,"z":-36.91777038574219},"rotation":{"x":0.044903941452503207,"y":-0.05990322306752205,"z":0.002697455231100321,"w":0.9971895217895508},"size":8.74641227722168,"orthographic":true}