{"cameraMode":{"drawMode":0,"name":"Shaded","section":"Shading Mode"},"sceneLighting":false,"audioPlay":false,"sceneViewState":{"m_AlwaysRefresh":false,"showFog":true,"showSkybox":false,"showFlares":true,"showImageEffects":true,"showParticleSystems":true,"showVisualEffectGraphs":true,"m_FxEnabled":true},"in2DMode":false,"pivot":{"x":-6.292184829711914,"y":0.550000011920929,"z":-1.940000057220459},"rotation":{"x":0.014996608719229699,"y":-0.019496401771903039,"z":0.000292489625280723,"w":0.9996976256370544},"size":0.36920225620269778,"orthographic":true}